pricing_action,intervals,mean_pressure,mean_tariff_inr,predicted_demand_kwh,expected_demand_kwh,baseline_revenue_inr,projected_revenue_inr,revenue_lift_inr
baseline,15325,0.5887788235918224,15.0,6001526.319365501,6001526.319365501,90022894.79048252,90022894.79048252,0.0
discount,6082,0.27952639731892465,13.5,1649088.0869004726,1690315.2890729844,24736321.30350709,22819256.40248529,-1917064.901021801
surge,17140,0.9038042561446372,21.0,9605349.632421494,8644814.669179345,144080244.4863224,181541108.05276623,37460863.56644383
